prompt	token_id	pos_id	layer	tensor	first_fail	root_cause	status
p0_short	116	37	0	None	TRACE_OFFSET	TRACE_OFFSET	-
p0_short	116	37	0	None	TRACE_OFFSET	TRACE_OFFSET	-
p0_short	None	37	0	None	TRACE_OFFSET	TRACE_OFFSET	-
p0_short	None	37	0	None	TRACE_OFFSET	TRACE_OFFSET	-
p0_short	116	37	1	None	TRACE_OFFSET	TRACE_OFFSET	-
p0_short	None	37	1	None	TRACE_OFFSET	TRACE_OFFSET	-
p0_short	None	37	1	None	TRACE_OFFSET	TRACE_OFFSET	-
p0_short	116	37	2	None	TRACE_OFFSET	TRACE_OFFSET	-
p0_short	None	37	2	None	TRACE_OFFSET	TRACE_OFFSET	-
p0_short	None	37	2	None	TRACE_OFFSET	TRACE_OFFSET	-
p0_short	116	37	4	None	TRACE_OFFSET	TRACE_OFFSET	-
p0_short	None	37	4	None	TRACE_OFFSET	TRACE_OFFSET	-
p0_short	None	37	4	None	TRACE_OFFSET	TRACE_OFFSET	-
p0_short	116	37	8	None	TRACE_OFFSET	TRACE_OFFSET	-
p0_short	None	37	8	None	TRACE_OFFSET	TRACE_OFFSET	-
p0_short	None	37	8	None	TRACE_OFFSET	TRACE_OFFSET	-
p0_short	116	37	0	None	TRACE_OFFSET	TRACE_OFFSET	-
p0_short	116	37	0	None	TRACE_OFFSET	TRACE_OFFSET	-
p0_short	None	37	0	None	TRACE_OFFSET	TRACE_OFFSET	-
p0_short	None	37	0	None	TRACE_OFFSET	TRACE_OFFSET	-
p0_short	116	37	1	None	TRACE_OFFSET	TRACE_OFFSET	-
p0_short	None	37	1	None	TRACE_OFFSET	TRACE_OFFSET	-
p0_short	None	37	1	None	TRACE_OFFSET	TRACE_OFFSET	-
p0_short	116	37	2	None	TRACE_OFFSET	TRACE_OFFSET	-
p0_short	None	37	2	None	TRACE_OFFSET	TRACE_OFFSET	-
p0_short	None	37	2	None	TRACE_OFFSET	TRACE_OFFSET	-
p0_short	116	37	4	None	TRACE_OFFSET	TRACE_OFFSET	-
p0_short	None	37	4	None	TRACE_OFFSET	TRACE_OFFSET	-
p0_short	None	37	4	None	TRACE_OFFSET	TRACE_OFFSET	-
p0_short	116	37	8	None	TRACE_OFFSET	TRACE_OFFSET	-
p0_short	None	37	8	None	TRACE_OFFSET	TRACE_OFFSET	-
p0_short	None	37	8	None	TRACE_OFFSET	TRACE_OFFSET	-
p6_len_16	116	38	0	None	TRACE_OFFSET	TRACE_OFFSET	-
p6_len_16	116	38	0	None	TRACE_OFFSET	TRACE_OFFSET	-
p6_len_16	None	38	0	None	TRACE_OFFSET	TRACE_OFFSET	-
p6_len_16	None	38	0	None	TRACE_OFFSET	TRACE_OFFSET	-
p6_len_16	116	38	1	None	TRACE_OFFSET	TRACE_OFFSET	-
p6_len_16	None	38	1	None	TRACE_OFFSET	TRACE_OFFSET	-
p6_len_16	None	38	1	None	TRACE_OFFSET	TRACE_OFFSET	-
p6_len_16	116	38	2	None	TRACE_OFFSET	TRACE_OFFSET	-
p6_len_16	None	38	2	None	TRACE_OFFSET	TRACE_OFFSET	-
p6_len_16	None	38	2	None	TRACE_OFFSET	TRACE_OFFSET	-
p6_len_16	116	38	4	None	TRACE_OFFSET	TRACE_OFFSET	-
p6_len_16	None	38	4	None	TRACE_OFFSET	TRACE_OFFSET	-
p6_len_16	None	38	4	None	TRACE_OFFSET	TRACE_OFFSET	-
p6_len_16	116	38	8	None	TRACE_OFFSET	TRACE_OFFSET	-
p6_len_16	None	38	8	None	TRACE_OFFSET	TRACE_OFFSET	-
p6_len_16	None	38	8	None	TRACE_OFFSET	TRACE_OFFSET	-
p6_len_16	116	38	0	None	TRACE_OFFSET	TRACE_OFFSET	-
p6_len_16	116	38	0	None	TRACE_OFFSET	TRACE_OFFSET	-
p6_len_16	None	38	0	None	TRACE_OFFSET	TRACE_OFFSET	-
p6_len_16	None	38	0	None	TRACE_OFFSET	TRACE_OFFSET	-
p6_len_16	116	38	1	None	TRACE_OFFSET	TRACE_OFFSET	-
p6_len_16	None	38	1	None	TRACE_OFFSET	TRACE_OFFSET	-
p6_len_16	None	38	1	None	TRACE_OFFSET	TRACE_OFFSET	-
p6_len_16	116	38	2	None	TRACE_OFFSET	TRACE_OFFSET	-
p6_len_16	None	38	2	None	TRACE_OFFSET	TRACE_OFFSET	-
p6_len_16	None	38	2	None	TRACE_OFFSET	TRACE_OFFSET	-
p6_len_16	116	38	4	None	TRACE_OFFSET	TRACE_OFFSET	-
p6_len_16	None	38	4	None	TRACE_OFFSET	TRACE_OFFSET	-
p6_len_16	None	38	4	None	TRACE_OFFSET	TRACE_OFFSET	-
p6_len_16	116	38	8	None	TRACE_OFFSET	TRACE_OFFSET	-
p6_len_16	None	38	8	None	TRACE_OFFSET	TRACE_OFFSET	-
p6_len_16	None	38	8	None	TRACE_OFFSET	TRACE_OFFSET	-
p6_len_32	116	38	0	None	TRACE_OFFSET	TRACE_OFFSET	-
p6_len_32	116	38	0	None	TRACE_OFFSET	TRACE_OFFSET	-
p6_len_32	None	38	0	None	TRACE_OFFSET	TRACE_OFFSET	-
p6_len_32	None	38	0	None	TRACE_OFFSET	TRACE_OFFSET	-
p6_len_32	116	38	1	None	TRACE_OFFSET	TRACE_OFFSET	-
p6_len_32	None	38	1	None	TRACE_OFFSET	TRACE_OFFSET	-
p6_len_32	None	38	1	None	TRACE_OFFSET	TRACE_OFFSET	-
p6_len_32	116	38	2	None	TRACE_OFFSET	TRACE_OFFSET	-
p6_len_32	None	38	2	None	TRACE_OFFSET	TRACE_OFFSET	-
p6_len_32	None	38	2	None	TRACE_OFFSET	TRACE_OFFSET	-
p6_len_32	116	38	4	None	TRACE_OFFSET	TRACE_OFFSET	-
p6_len_32	None	38	4	None	TRACE_OFFSET	TRACE_OFFSET	-
p6_len_32	None	38	4	None	TRACE_OFFSET	TRACE_OFFSET	-
p6_len_32	116	38	8	None	TRACE_OFFSET	TRACE_OFFSET	-
p6_len_32	None	38	8	None	TRACE_OFFSET	TRACE_OFFSET	-
p6_len_32	None	38	8	None	TRACE_OFFSET	TRACE_OFFSET	-
p6_len_32	116	38	0	None	TRACE_OFFSET	TRACE_OFFSET	-
p6_len_32	116	38	0	None	TRACE_OFFSET	TRACE_OFFSET	-
p6_len_32	None	38	0	None	TRACE_OFFSET	TRACE_OFFSET	-
p6_len_32	None	38	0	None	TRACE_OFFSET	TRACE_OFFSET	-
p6_len_32	116	38	1	None	TRACE_OFFSET	TRACE_OFFSET	-
p6_len_32	None	38	1	None	TRACE_OFFSET	TRACE_OFFSET	-
p6_len_32	None	38	1	None	TRACE_OFFSET	TRACE_OFFSET	-
p6_len_32	116	38	2	None	TRACE_OFFSET	TRACE_OFFSET	-
p6_len_32	None	38	2	None	TRACE_OFFSET	TRACE_OFFSET	-
p6_len_32	None	38	2	None	TRACE_OFFSET	TRACE_OFFSET	-
p6_len_32	116	38	4	None	TRACE_OFFSET	TRACE_OFFSET	-
p6_len_32	None	38	4	None	TRACE_OFFSET	TRACE_OFFSET	-
p6_len_32	None	38	4	None	TRACE_OFFSET	TRACE_OFFSET	-
p6_len_32	116	38	8	None	TRACE_OFFSET	TRACE_OFFSET	-
p6_len_32	None	38	8	None	TRACE_OFFSET	TRACE_OFFSET	-
p6_len_32	None	38	8	None	TRACE_OFFSET	TRACE_OFFSET	-
